Domain ascore,Domain,Backlinks,IP Address,Country,First seen,Last seen
0,sharpscissors.shop,65,104.21.48.1,,2025-07-08,2025-10-04
32,72hours.ca,34,23.227.38.32,ca,2025-04-03,2025-07-22
24,billionhands.com,13,3.167.112.58,us,2025-05-05,2025-06-01
6,wbrindependent.com,12,192.0.78.254,us,2025-06-08,2025-10-10
13,internetresearchunit.com,9,76.76.21.21,us,2025-09-02,2025-09-02
11,wheels.ro,6,85.120.19.12,ro,2025-06-28,2025-09-11
18,smyrnahistoricalsociety.org,4,68.66.219.121,us,2025-07-02,2025-08-12
11,kanakadasaschool.in,3,190.92.174.126,in,2025-07-24,2025-09-26
52,udec.cl,3,152.74.16.20,cl,2025-04-01,2025-09-02
6,conference.delhi.in,2,172.67.136.99,,2025-03-31,2025-07-22
7,ecooraesp.org,2,162.215.210.151,us,2025-08-26,2025-09-02
5,erickerickson.org,2,69.39.237.18,us,2024-03-01,2025-10-01
2,fsamso.org,2,3.210.109.47,us,2025-04-01,2025-04-06
10,kcommunityfoundation.org,2,80.64.217.98,gb,2025-08-15,2025-09-28
7,qssa.com,2,172.67.221.79,,2025-09-11,2025-09-28
4,seoflx.net,2,104.21.16.248,,2025-02-05,2025-04-28
2,sitepricely.com,2,104.21.73.4,,2023-06-12,2025-10-08
100,yahoo.com,2,66.218.84.137,us,2025-08-03,2025-08-25
3,ageddomainsforeverytaste.club,1,104.21.48.1,,2025-05-07,2025-05-07
4,ageokousei.jp,1,172.67.165.145,,2025-03-24,2025-07-09
2,agmermer.pro,1,104.21.41.2,,2025-03-11,2025-07-22
4,agriavi.com,1,195.250.27.39,mx,2025-10-06,2025-10-06
2,alenews.pl,1,172.67.211.77,,2025-05-14,2025-07-19
2,aljaridanews.com,1,159.203.173.10,us,2025-08-06,2025-10-05
5,all-aged-domains.com,1,172.67.215.228,,2025-01-06,2025-09-24
5,analyticshaven.top,1,195.20.19.178,md,2025-07-16,2025-07-16
6,anchorurl.cloud,1,195.20.19.178,md,2025-01-02,2025-06-03
5,animalko.com,1,172.67.72.18,,2025-06-22,2025-10-06
2,anythingshopify.com,1,104.21.32.18,,2025-07-05,2025-07-05
6,anytimeroofingtx.com,1,35.212.71.209,us,2025-04-11,2025-06-28
25,archivemarketresearch.com,1,172.67.73.17,,2025-05-26,2025-07-25
4,athens-escorts.info,1,104.21.43.131,,2025-04-06,2025-07-06
0,australianwebdirectory.pro,1,118.139.178.200,sg,2025-08-22,2025-09-09
2,australianwebdirectory.shop,1,118.139.178.200,sg,2025-06-23,2025-07-11
7,axiomapharma.com,1,31.200.246.223,es,2025-06-21,2025-06-21
6,backlinks-checker.com,1,195.20.19.178,md,2025-05-29,2025-05-29
6,bengalbites.se,1,193.234.30.179,se,2025-06-24,2025-09-03
5,best-seo-domains.com,1,172.67.164.229,,2025-02-02,2025-07-20
7,bfimportsac.com,1,50.31.188.124,us,2025-07-22,2025-07-22
91,bing.com,1,150.171.27.10,us,2024-11-13,2025-10-02
42,bladeforums.com,1,172.66.133.64,,2024-02-26,2025-08-02
5,blogsphere.top,1,195.20.19.178,md,2025-07-23,2025-07-23
4,boost-your-site-with-homepage-backlinks.us,1,172.67.169.33,,2025-04-05,2025-07-04
2,browse-all-expired-domains.com,1,104.21.57.208,,2025-05-22,2025-07-07
5,browseallexpireddomains.us,1,104.21.20.5,,2025-04-26,2025-07-13
2,businessvocal.com,1,172.67.164.57,,2025-05-28,2025-10-01
26,bye.fyi,1,195.20.19.178,md,2025-05-31,2025-05-31
5,byteshort.xyz,1,195.20.19.178,md,2025-01-11,2025-04-24
10,cairotek-mep.com,1,69.48.173.16,us,2025-07-28,2025-07-28
2,cencaltecreparaciones.com,1,162.215.210.151,us,2025-07-23,2025-07-23
2,centralc.pages.dev,1,172.66.44.212,,2024-04-24,2025-10-09
10,chullanmakeup.com,1,132.148.177.164,us,2025-08-10,2025-08-10
11,civilengineeringlectures.com,1,199.188.200.137,us,2025-08-14,2025-08-14
5,creativeposts.top,1,195.20.19.178,md,2025-08-20,2025-08-20
16,crossroadsanimations.com,1,35.212.4.47,us,2025-03-19,2025-07-11
22,csir-sari.org,1,103.195.100.122,us,2025-06-02,2025-08-21
5,dailymusings.top,1,195.20.19.178,md,2025-07-27,2025-07-27
6,detect-systems.net,1,89.116.147.125,fr,2025-04-16,2025-07-07
2,doctorgarciaromo.com,1,216.238.78.175,mx,2025-06-30,2025-06-30
2,domains-links-backlinks-all-for-purchase.homes,1,172.67.211.134,,2025-04-07,2025-07-02
23,dondo.com,1,34.49.28.245,us,2025-08-27,2025-10-03
5,dr70-links.co.uk,1,172.67.213.93,,2025-04-24,2025-07-03
6,drjack.world,1,195.20.19.178,md,2025-08-01,2025-08-01
6,duro.co.in,1,66.103.203.194,us,2025-08-28,2025-08-28
2,dzj.me,1,104.21.91.31,,2025-06-17,2025-07-18
6,eliezermolina.net,1,172.67.179.75,,2025-07-21,2025-09-10
2,ever-heard-of-homepage-backlinks.bond,1,172.67.183.164,,2025-04-08,2025-07-03
2,fkeyai.com,1,104.21.39.110,,2025-08-15,2025-08-15
3,fldh.info,1,104.21.79.83,,2025-01-29,2025-06-25
3,full-expired-domain-lists.us,1,172.67.156.30,,2025-04-02,2025-07-22
2,funover50.co.uk,1,79.170.40.36,gb,2025-07-02,2025-07-02
12,gasow.org,1,173.252.167.110,us,2025-06-27,2025-06-27
3,global-ranks.pages.dev,1,172.66.47.146,,2025-04-04,2025-08-20
8,gorentals.com.pa,1,89.17.204.80,es,2025-08-14,2025-08-14
2,great-choice-for-pbn-domains.co.uk,1,104.21.92.125,,2025-04-07,2025-07-16
2,happy-shopy.fr,1,104.21.60.244,,2025-07-11,2025-07-20
2,hargamobilsecond.com,1,202.10.43.72,id,2025-07-02,2025-07-02
2,highupcleaningservicesllc.com,1,143.198.154.73,us,2025-09-06,2025-09-06
27,huntsd.org,1,216.69.174.109,us,2025-08-05,2025-08-05
5,indonesia-gov-links.eu,1,104.21.34.6,,2025-05-21,2025-07-06
2,iranorganic.org,1,85.206.169.20,lt,2025-04-30,2025-04-30
2,itsaboutrecipes.com,1,104.21.39.192,,2025-02-06,2025-04-07
6,itxoft.com,1,172.67.138.4,,2025-09-07,2025-09-07
5,jacobverghese.info,1,104.21.6.102,,2025-01-25,2025-07-05
6,jobsapp.info,1,104.21.0.207,,2025-02-02,2025-10-04
44,kangaroo.vn,1,101.99.12.226,vn,2025-07-11,2025-09-14
2,katmoviehd.wf,1,104.21.81.25,,2025-04-28,2025-07-22
4,kompromat100.info,1,104.21.83.23,,2025-01-31,2025-07-14
3,lubasf.com,1,198.49.23.145,us,2025-02-01,2025-07-22
0,marketdatapoint.com,1,104.21.51.250,,2025-08-12,2025-09-16
24,marketreportanalytics.com,1,104.21.50.14,,2025-07-17,2025-08-20
8,marketresearchforecast.com,1,104.21.42.201,,2025-06-24,2025-08-17
2,marketsignalreports.com,1,172.67.188.10,,2025-09-24,2025-09-24
5,mega-remont.pro,1,104.21.4.177,,2025-05-18,2025-07-03
4,mmwatches.co.uk,1,172.67.131.98,,2025-04-19,2025-07-14
2,moneygame.pro,1,172.67.170.247,,2025-02-10,2025-07-04
2,moviesrock.nl,1,172.67.162.241,,2025-04-11,2025-07-09
4,mundotecnologia.info,1,172.67.212.71,,2025-02-11,2025-07-15
5,myhon.ch,1,172.67.152.208,,2025-04-15,2025-07-15
2,newest-expired-domains-here.click,1,172.67.172.40,,2025-04-14,2025-07-10
2,nexareports.com,1,172.67.183.148,,2025-08-27,2025-10-08
5,optimizeflow.top,1,195.20.19.178,md,2025-08-21,2025-08-21
2,organicspice.org,1,46.28.47.189,in,2025-04-03,2025-06-19
10,parapmassage.com.au,1,103.227.176.9,sg,2025-07-17,2025-09-15
17,pitevent.com,1,104.21.88.197,,2025-06-18,2025-08-27
11,plazalaval.com,1,67.43.230.211,ca,2025-06-27,2025-06-27
2,precisionmarketview.com,1,172.67.220.53,,2025-08-03,2025-10-01
2,primeinfra.net,1,212.28.186.12,us,2025-05-26,2025-05-26
6,purple-elephant.us,1,172.67.167.22,,2025-04-26,2025-07-18
5,qa-animals.info,1,172.67.211.9,,2025-02-12,2025-07-12
2,rankvance.website,1,172.67.207.54,,2025-09-07,2025-10-06
0,rankvanceauthority.pro,1,172.67.191.88,,2025-09-24,2025-10-03
7,realisticmodelrailroading.net,1,68.66.216.52,us,2025-06-20,2025-06-20
2,scattercrow.com,1,147.93.101.221,in,2025-05-19,2025-05-19
2,scissortown.com,1,66.29.153.18,us,2025-09-23,2025-09-23
2,sempurnawin.net,1,63.250.40.68,us,2025-09-05,2025-09-05
6,seo-revealed.club,1,172.67.153.161,,2025-04-18,2025-07-22
5,sergechel.info,1,172.67.175.194,,2025-02-04,2025-09-27
7,sidneymagriconsultor.com.br,1,185.77.97.62,gb,2025-07-07,2025-07-07
6,simkay.com.ng,1,176.74.16.235,gb,2025-05-01,2025-05-01
5,sjmfoundation.com,1,104.21.65.236,,2025-06-18,2025-07-19
5,sovereignmedia.co.za,1,104.21.16.17,,2025-05-07,2025-07-15
2,spp-printedpackaging.com,1,79.170.44.118,gb,2025-06-09,2025-06-09
82,substack.com,1,172.64.150.56,,2025-09-05,2025-10-01
5,sunnyside-pbn-domains.club,1,172.67.201.161,,2025-04-14,2025-07-17
2,survivalfanatics.com,1,172.67.185.233,,2025-09-18,2025-10-04
2,techin.click,1,45.91.133.138,th,2025-04-06,2025-08-20
6,thebestbacklinksavailable.click,1,104.21.95.160,,2025-05-23,2025-07-07
3,thecloudherald.com,1,172.66.47.22,,2025-01-30,2025-10-04
22,thesurvivaltabs.com,1,23.227.38.65,ca,2025-05-25,2025-05-25
10,thethaispa.net,1,185.210.145.126,sg,2025-03-21,2025-05-16
2,thetraveloffers.com,1,66.29.153.209,us,2025-09-21,2025-09-21
2,this-is-not-what-you-think-it-is-at-all.us,1,172.67.133.52,,2025-05-26,2025-07-12
31,tntcode.com,1,172.67.73.60,,2025-07-15,2025-07-15
9,topinternetdeal.com,1,66.29.141.105,us,2025-10-02,2025-10-02
5,tpsearchtool.com,1,104.21.67.134,,2024-12-13,2025-04-29
6,trueinsightsreports.com,1,104.21.76.216,,2025-07-24,2025-09-21
3,uplinke-seo-services.za.com,1,104.21.66.93,,2024-07-04,2025-08-09
6,urls-shortener.eu,1,195.20.19.178,md,2025-05-24,2025-05-24
4,veethemes.co.in,1,104.21.16.1,,2025-06-03,2025-07-06
4,vix.lt,1,172.67.145.7,,2025-04-11,2025-07-10
2,vountaxpro.com,1,104.21.85.45,,2025-09-03,2025-09-03
2,waterheaterbrookshire.com,1,184.168.29.117,us,2025-04-21,2025-08-11
4,webbys.pages.dev,1,172.66.44.60,,2025-02-08,2025-08-30
2,what-happens-next.xyz,1,104.21.9.79,,2025-04-14,2025-07-16
4,who-wants-pbn-links.xyz,1,104.21.3.46,,2025-04-19,2025-07-03
2,wikipebia.org,1,104.21.58.172,,2025-04-12,2025-07-16
2,worldclasspbnlinks.biz,1,104.21.86.71,,2025-04-13,2025-07-17
5,xubi.me,1,104.21.15.44,,2025-06-19,2025-07-19
2,you-found-the-hidden-link.xyz,1,104.21.35.227,,2025-04-17,2025-07-18
